id,mean_fare,std_fare,batas_min_fare,batas_max_fare
1,84.1546875,78.38037264672882,-150.98643044018647,319.2958054401864
2,20.662183152173913,13.417398756149343,-19.59001311627412,60.91437942062194
3,13.675550101832993,11.778141704387307,-21.658875011328927,49.00997521499491
